Sport,League,Time,Team 1,Team 2,Odds 1,Odds X,Odds 2
Soccer,"International
Copa Libertadores","Today, 20:00",EC Bahia BA,Atletico Nacional Medellin,1.90,3.50,4.20
Soccer,"Ecuador
Serie B","Today, 20:00",Chacaritas FC,Guayaquil City FC,4.40,3.50,1.77
Soccer,"Mexico
Liga De Expansion MX, Clausura","Today, 20:00",Venados FC,CD Mineros de Zacatecas,2.85,3.45,2.30
Soccer,"USA
MLS Next Pro","Today, 20:00",Colorado Rapids 2,Minnesota United FC 2,2.55,4.00,2.30
Soccer,"International
Copa Libertadores","Today, 20:30",Cerro Porteno,Sporting Cristal,1.64,3.75,5.40
Soccer,"International
Copa Sudamericana","Today, 20:30",Deportes Iquique,CS Cienciano,1.83,3.60,4.30
Soccer,"International
Copa Sudamericana","Today, 20:30",CD Palestino,Cruzeiro EC MG,3.05,3.15,2.42
Soccer,"Brazil
Brasileiro Serie B","Today, 20:35",Gremio Novorizontino SP,CA Paranaense PR,2.42,2.85,3.30
Soccer,"Mexico
Liga MX, Women, Clausura","Today, 21:00",CD Guadalajara,Pumas UNAM,1.85,3.80,3.80
Soccer,"International
Copa Sudamericana","Today, 22:00",CD Universidad Catolica del Ecuador,Defensa y Justicia,1.63,3.75,5.80
Soccer,"Guatemala
Liga Nacional. Apertura","Today, 22:00",CSD Xelaju MC,CSD Coban Imperial,1.55,3.95,5.70
Soccer,"Guatemala
Primera Division","Today, 22:00",CSD Sacachispas,CD Mictlan,2.05,2.95,3.95
Soccer,"Mexico
Liga De Expansion MX, Clausura","Today, 22:05",Tepatitlan FC,Leones Negros UDEG,2.50,3.25,2.55
Soccer,"International
CONCACAF Champions Cup","Today, 22:30",Vancouver Whitecaps FC,Inter Miami CF,2.20,3.55,3.05
Soccer,"New Zealand
Southern Football League","Today, 22:45",Nomads United AFC,Coastal Spirit FC,3.40,4.85,1.75
Soccer,"Australia
NSW NPL 1","Today, 23:30",Sydney FC II,Sutherland Sharks,2.25,3.80,2.75
Soccer,"Australia
Northern NSW NPL","Tomorrow, 00:30",Adamstown Rosebud FC,Weston Workers FC,5.70,5.50,1.40
Soccer,"Australia
NSW League One","Tomorrow, 01:00",UNSW FC,Canterbury Bankstown FC,1.60,4.50,4.30
Soccer,"Australia
South Australia NPL","Tomorrow, 01:30",Adelaide City FC,Croydon Kings FC,1.60,4.50,4.30
Soccer,"Australia
South Australia State League 1","Tomorrow, 02:15",West Adelaide SC,The Cove,1.65,4.30,4.30
Soccer,"Australia
Northern NSW NPL","Tomorrow, 03:00",New Lambton FC,Belmont Swansea,3.20,4.50,1.85
Soccer,"Australia
Queensland NPL","Tomorrow, 03:30",Peninsula Power FC,St George Willawong FC,1.26,5.60,9.20
Soccer,"China
China League 2","Tomorrow, 03:30",Ganzhou Ruishi FC,Guizhou Zhucheng,4.50,3.10,1.90
Soccer,"Australia
Victoria Premier League 1","Tomorrow, 04:15",Bentleigh Greens,Manningham United Blues,1.42,5.20,5.70
Soccer,"Australia
Victoria Premier League, Women","Tomorrow, 04:15",Preston Lions,Bentleigh Greens SC,1.35,4.85,8.00
Soccer,"Indonesia
Liga 1","Tomorrow, 04:30",PSIS Semarang,Borneo Samarinda,3.15,3.45,2.19
Soccer,"Indonesia
Liga 1","Tomorrow, 04:30",Dewa United,Malut United,1.74,3.70,4.50
Soccer,"Australia
South Australia NPL, Women","Tomorrow, 04:30",West Adelaide,Adelaide City,1.20,7.00,11.00
Soccer,"Czechia
U19 Championship","Tomorrow, 04:30",FC Banik Ostrava,FK Baumit Jablonec,1.09,9.50,20.00
Soccer,"Algeria
Championnat National Elite, Women","Tomorrow, 05:00",ASE Bejaia,Ar Guelma,1.86,3.60,3.55
Soccer,"Australia
South Australia NPL","Tomorrow, 05:30",FK Beograd,Modbury Jets,2.55,3.80,2.40
Soccer,"Australia
Victoria, NPL","Tomorrow, 05:30",Green Gully SC,South Melbourne FC,2.35,3.50,2.70
Soccer,"Australia
Victoria, NPL","Tomorrow, 05:30",Heidelberg United FC,Avondale FC,2.85,3.95,2.15
Soccer,"Australia
Queensland NPL","Tomorrow, 05:30",Moreton City Excelsior FC,Gold Coast United FC,1.75,4.40,3.65
Soccer,"Australia
Victoria Premier League 1","Tomorrow, 05:30",Northcote City,Brunswick City SC,2.25,3.95,2.70
Soccer,"Bangladesh
Premier League","Tomorrow, 05:30",Bangladesh Police FC,Dhaka Wanderers Club,1.05,11.00,30.00
Soccer,"Australia
A-League","Tomorrow, 05:35",Macarthur FC,Melbourne Victory,3.05,4.00,2.07
Soccer,"Australia
Victoria, NPL","Tomorrow, 05:45",Dandenong City SC,Port Melbourne Sharks,1.55,4.50,4.85
Soccer,"Japan
J.League 2","Tomorrow, 06:00",Vegalta Sendai,Ehime FC,1.70,3.50,5.20
Soccer,"Japan
J.League","Tomorrow, 06:00",Avispa Fukuoka,Fagiano Okayama,2.17,3.05,3.60
Soccer,"Japan
J.League","Tomorrow, 06:00",Kyoto Sanga FC,Yokohama FC,2.15,3.10,3.55
Soccer,"Japan
J.League","Tomorrow, 06:00",Kashima Antlers,Nagoya Grampus,2.11,3.10,3.70
Soccer,"Japan
J.League 2","Tomorrow, 06:00",V-Varen Nagasaki,Iwaki FC,1.70,3.80,4.50
Soccer,"Japan
J.League 2","Tomorrow, 06:00",Omiya Ardija,Hokkaido Consadole Sapporo,2.00,3.80,3.20
Soccer,"Japan
J.League","Tomorrow, 06:00",Machida Zelvia,Shonan Bellmare,1.95,3.25,4.10
Soccer,"Japan
J.League","Tomorrow, 06:00",Tokyo Verdy,Cerezo Osaka,2.65,3.20,2.60
Soccer,"England
U21 Professional Development League","Tomorrow, 06:00",Fleetwood Town,Burnley FC,5.80,5.40,1.35
Soccer,"Portugal
U19 Campeonato Nacional","Tomorrow, 06:00",Vitoria Guimaraes,SC Braga,2.85,3.70,2.12
Soccer,"Algeria
Championnat National Elite, Women","Tomorrow, 06:00",CS Constantine,CEA Setif,1.67,3.75,4.30
Soccer,"Japan
J.League","Tomorrow, 06:30",FC Tokyo,Gamba Osaka,3.10,3.10,2.37
Soccer,"Japan
J.League","Tomorrow, 06:30",Urawa Red Diamonds,Sanfrecce Hiroshima,2.85,3.25,2.46
Soccer,"Italy
Serie B","Tomorrow, 06:30",Frosinone Calcio,Spezia Calcio,3.60,3.25,2.08
Soccer,"Australia
Victoria, NPL","Tomorrow, 06:30",Preston Lions FC,St Albans Saints,1.25,1.22,1.95
Soccer,"Australia
Victoria Premier League 1","Tomorrow, 06:30",Moreland City FC,Kingston City FC,2.70,4.30,2.15
Soccer,"Italy
Serie A, Women","Tomorrow, 06:30",ACF Fiorentina,Juventus,3.40,3.50,2.00
Soccer,"Australia
Queensland Premier League 1","Tomorrow, 06:30",Capalaba Bulldogs,Holland Park Hawks,1.95,4.50,2.95
Soccer,"Mongolia
Premier League","Tomorrow, 07:15",Khovd FC,Bayanzurkh Sporting Ilch,2.55,3.80,2.40
Soccer,"Lebanon
Premier League","Tomorrow, 07:30",Racing Beirut,Shabab Baalbeck,1.58,3.70,5.20
Soccer,"China
Chinese Super League","Tomorrow, 07:35",Beijing Guoan,Henan,1.59,4.10,5.20
Soccer,"Singapore
Premier League","Tomorrow, 07:45",Albirex Niigata,Lion City Sailors FC,11.00,7.00,1.20
Basketball,"Chile
Liga Nacional","Today, 19:30",Sportiva Italiana,CD Espanol Osorno,1.75,N/A,2.00
Basketball,"Argentina
La Liga Federal","Today, 19:30",Basquet San Fernando,Gevp,2.40,N/A,1.51
Basketball,"Argentina
La Liga Federal","Today, 19:30",Independiente de Avellaneda,Social de Alejandro Korn,1.44,N/A,2.60
Basketball,"Argentina
La Liga Federal","Today, 19:30",Institucion Sarmiento,Gimnasia de Ituzaingo,1.23,N/A,3.70
Basketball,"Paraguay
Liga Nacional de Basquetbol","Today, 19:30",CA Ciudad Nueva,Deportivo San Jose,1,(-30.5),1.83
Basketball,"Argentina
La Liga Federal","Today, 19:30",San Miguel,CA Monte Grande,1.36,N/A,2.90
Basketball,"Argentina
LNB","Today, 20:00",Penarol Mar Del Plata,CA Platense,1.27,N/A,3.45
Basketball,"Puerto Rico
BSN","Today, 20:00",Aguada Santeros,Gigantes de Carolina,2.04,N/A,1.75
Basketball,"Puerto Rico
BSN","Today, 20:00",Criollos de Caguas,Indios de Mayaguez,1.50,N/A,2.50
Basketball,"Argentina
La Liga Federal","Today, 20:00",Sportsmen Unidos,SC Canadense,2.22,N/A,1.59
Basketball,"Argentina
La Liga Federal","Today, 20:00",Hercules de Charata,Capri,1.42,N/A,2.65
Basketball,"Uruguay
LUB","Today, 20:30",CA Penarol,Defensor Sporting,1.35,N/A,3.10
Basketball,"Argentina
LNB","Today, 20:30",AD Atenas Cordoba,La Union Formosa,1.32,N/A,3.13
Basketball,"USA
NBA Series Results (Best of 7 games)","Today, 21:30",Oklahoma City Thunder,Memphis Grizzlies,-,N/A,40.00
Basketball,"USA
NBA","Today, 21:30",Memphis Grizzlies,Oklahoma City Thunder,4.20,N/A,1.21
Basketball,"USA
NBA Series Results (Best of 7 games)","Today, 22:00",Denver Nuggets,LA Clippers,2.35,N/A,1.55
Basketball,"USA
NBA","Today, 22:00",LA Clippers,Denver Nuggets,1.42,N/A,2.78
Basketball,"Mexico
Mexico Liga ABE","Today, 22:00",TEC MTY Santa Fe,TEC MTY Monterrey,1.40,N/A,2.74
Basketball,"New Zealand
NBL","Today, 23:00",Hawke's Bay Hawks,Franklin Bulls,1.76,N/A,1.95
Basketball,"Australia
NBL1 East, Women","Today, 23:00",Bankstown Bruins,Inner West Bulls,2.45,N/A,1.50
Basketball,"Australia
NBL1 Women, Central","Today, 23:30",Norwood Flames,Woodville Warriors,1.52,N/A,2.40
Basketball,"Australia
NBL1 Women, Central","Today, 23:30",Sturt Sabres,North Adelaide Rockets,2.80,N/A,1.40
Basketball,"Australia
NBL1 Women, Central","Tomorrow, 00:00",South Adelaide Panthers,Eastern Mavericks,1.18,N/A,4.40
Basketball,"Australia
NBL1 East, Women","Tomorrow, 00:00",Sydney Comets,Norths Bears,6.00,N/A,1.10
Basketball,"Australia
NBL1 East, Women","Tomorrow, 00:30",Maitland Mustangs,Hornsby Spiders,1.42,N/A,2.70
Basketball,"Australia
NBL1, Central","Tomorrow, 01:30",Sturt Sabres,North Adelaide Rockets,1.37,N/A,2.90
Basketball,"Australia
NBL1, Central","Tomorrow, 01:30",Norwood Flames,Woodville Warriors,1.52,N/A,2.40
Basketball,"Australia
NBL1 Women, Central","Tomorrow, 01:30",Forestville Eagles,Central Districts Lions,1,(18.5),1.90
Basketball,"Australia
NBL1, East","Tomorrow, 01:30",Bankstown Bruins,Inner West Bulls,1.47,N/A,2.55
Basketball,"Australia
NBL1, Central","Tomorrow, 01:45",South Adelaide Panthers,Eastern Mavericks,1.20,N/A,4.20
Basketball,"Australia
NBL1, East","Tomorrow, 02:00",Sydney City Comets,Norths Bears,1.27,N/A,3.50
Basketball,"New Zealand
NBL","Tomorrow, 02:30",Southland Sharks,Nelson Giants,1.24,N/A,3.69
Basketball,"Australia
NBL1 Women, Central","Tomorrow, 03:00",West Adelaide Bearcats,Southern Tigers,1.01,N/A,11.00
Basketball,"Australia
NBL1 Women, West","Tomorrow, 03:00",Willetton Tigers,Kalamunda Eastern Suns,1,(24.5),1.85
Basketball,"Australia
NBL1, Central","Tomorrow, 03:15",Forestville Eagles,Central Districts Lions,1.15,N/A,4.90
Basketball,"Australia
NBL1 South, Women","Tomorrow, 03:30",Nunawading Spectres,Eltham Wildcats,1.70,N/A,2.05
Basketball,"Australia
NBL1, East","Tomorrow, 03:30",Maitland Mustangs,Hornsby Ku Ring Gai Spiders,1.02,N/A,10.00
Basketball,"Australia
NBL1, East","Tomorrow, 03:30",Sutherland Sharks,Illawarra Hawks,1.75,N/A,2.00
Basketball,"Australia
NBL1 South, Women","Tomorrow, 04:00",Mount Gambier Pioneers,Waverley Falcons,3.30,N/A,1.30
Basketball,"Australia
NBL1 South, Women","Tomorrow, 04:00",Launceston Tornadoes,Geelong United,10.00,N/A,1.02
Basketball,"Australia
NBL1 South, Women","Tomorrow, 04:00",Diamond Valley Eagles,Ringwood Hawks,1.40,N/A,2.80
Basketball,"Australia
NBL1 South, Women","Tomorrow, 04:00",Hobart Chargers,Keilor Thunder,3.95,N/A,1.22
Basketball,"Australia
NBL1 South, Women","Tomorrow, 04:00",Knox Raiders Women,Casey Cavaliers,1.05,N/A,8.00
Basketball,"Australia
NBL1, West","Tomorrow, 04:00",Cockburn Cougars,Rockingham Flames,1,(-21.5),1.85
Basketball,"Australia
NBL1, Central","Tomorrow, 05:00",West Adelaide Bearcats,Southern Tigers,1.09,N/A,6.25
Basketball,"Chinese Taipei
SBL, Women","Tomorrow, 05:00",Cathay Life,Chunghwa Telecom,1.01,N/A,11.00
Basketball,"Australia
NBL1, West","Tomorrow, 05:00",Willetton Tigers,Eastern Suns,1.14,N/A,5.10
Basketball,"Australia
NBL1, South","Tomorrow, 05:30",Nunawading Spectres,Eltham Wildcats,2.05,N/A,1.70
Basketball,"Australia
NBL1, South","Tomorrow, 06:00",Diamond Valley Eagles,Ringwood Hawks,4.70,N/A,1.16
Basketball,"Australia
NBL1, South","Tomorrow, 06:00",Knox Raiders,Casey Cavaliers,1.05,N/A,8.00
Basketball,"Australia
NBL1, South","Tomorrow, 06:00",NW Tasmania Thunder,Geelong United,1.57,N/A,2.30
Basketball,"Australia
NBL1, South","Tomorrow, 06:00",MT Gambier Pioneers,Waverley Falcons,1.35,N/A,3.00
Basketball,"Australia
NBL1, South","Tomorrow, 06:00",Hobart Chargers,Keilor Thunder,1.30,N/A,3.30
Basketball,"Japan
B3 League","Tomorrow, 06:00",Tokyo United,Earthfriends Tokyo Z,1.12,N/A,5.30
Basketball,"Republic of Korea
KBL","Tomorrow, 06:00",Seoul SK Knights,KT Sonicboom,1.38,N/A,2.95
Basketball,"Serbia
U19 League","Tomorrow, 06:45",FMP Beograd,Spartak Subotica,1.03,N/A,9.50
Basketball,"Indonesia
IBL","Tomorrow, 07:00",Satya Wacana LBC,Dewa United Banten,8.00,N/A,1.05
Basketball,"Chinese Taipei
TPBL","Tomorrow, 07:00",New Taipei CTBC DEA,Hsinchu Lioneers,1.48,N/A,2.48
Basketball,"Chinese Taipei
P League","Tomorrow, 07:00",Taipei Fubon Braves,Tainan TSG Ghosthawks,1.41,N/A,2.80
Basketball,"Georgia
Superleague","Tomorrow, 08:00",BC Iverion,BC Margveti,1.57,N/A,2.25
Tennis,"USA
ITF Charlotte, Women Doubles","Today, 19:05",Lewis M / Newborn R,Adams J / Atturu S,1.73,N/A,2.00
Tennis,"International
UTR Pro Series","Today, 20:20","Estevez, Maximiliano","Fernandez, Michael",N/A,N/A,N/A
Tennis,"Japan
ITF Osaka, Men","Today, 21:00","Yamasaki, Jumpei","Kusuhara, Yusuke",1.53,N/A,2.38
Tennis,"International
UTR Pro Series","Today, 21:00","Shtengelov, Alexey","Tashiro, Yuga",4.90,N/A,1.15
Tennis,"International
UTR Pro Series","Today, 21:00","Takahashi, Hikaru","Tanuma, Ryota",7.00,N/A,1.06
Tennis,"International
UTR Pro Series, Women","Today, 21:00","Horikawa, Ichino","Ozeki, Ayaka",1.29,N/A,3.30
Tennis,"International
UTR Pro Series, Women","Today, 21:00","Ohashi, Yuna","Komatsu, Rina",1.68,N/A,2.10
Tennis,"China
ITF Luan, Men","Today, 22:00","Agafonov, Egor","Sornlaksup, Pawit",1.67,N/A,2.10
Tennis,"China
ITF Luan, Men","Today, 22:00","Zhu, Evan","Benchetrit, Elliot",3.00,N/A,1.36
Tennis,"China
ITF Luan, Men","Today, 22:00","Peliwo, Filip","Shin, Sanhui",2.50,N/A,1.50
Tennis,"Japan
ITF Osaka, Men","Today, 22:00","Fukuda, Sora","Matsuda, Koki",1.57,N/A,2.25
Tennis,"Japan
ITF Osaka, Men Doubles","Today, 22:00",Kawachi K / Tokuda R,Okamura I / Vithoontien L,1.57,N/A,2.25
Tennis,"China
ITF Wuning, Women","Today, 22:00","Jeong, Boyoung","Wu, Ho Ching",1.91,N/A,1.80
Tennis,"China
ITF Wuning, Women","Today, 22:00","Zhu, Chenting","Aikawa, Mayuka",1.83,N/A,1.83
Tennis,"China
ITF Wuning, Women","Today, 22:00","Guo, Meiqi","Liu, Zhirui",1.29,N/A,3.50
Tennis,"China
ITF Wuning, Women","Today, 22:00","Yang, Yidi","Lansere, Sofya",1.44,N/A,2.62
Tennis,"Republic of Korea
ATP Challenger Gwangju","Today, 22:05","Kachmazov, Alibek","Jasika, Omar",1.65,N/A,2.10
Tennis,"Republic of Korea
ATP Challenger Gwangju","Today, 22:05","Watanuki, Yosuke","Holt, Brandon",1.71,N/A,2.05
Tennis,"International
UTR Pro Series","Today, 22:10","Morita, Kosuke","Mischker, Felix",2.95,N/A,1.35
Tennis,"Japan
ITF Tokyo, Women","Today, 22:30","Sonobe, Wakana","Hartono, Arianne",1.57,N/A,2.25
Tennis,"Japan
ITF Tokyo, Women","Today, 23:00","Gibson, Talia","Marino, Rebecca",2.20,N/A,1.62
Tennis,"Japan
ITF Osaka, Men","Today, 23:00","Imai, Shintaro","Kumasaka, Takuya",1.62,N/A,2.20
Tennis,"Japan
ITF Osaka, Men","Today, 23:00","Takahashi, Yusuke","Ichikawa, Taisei",1.33,N/A,3.00
Tennis,"China
ITF Wuning, Women Doubles","Today, 23:00",Hou Y / Wang J,Aixirefu A / Wang J,3.50,N/A,1.29
Tennis,"Republic of Korea
ATP Challenger Gwangju","Tomorrow, 00:00","Kubler, Jason","Grenier, Hugo",1.43,N/A,2.65
Tennis,"Republic of Korea
ATP Challenger Gwangju","Tomorrow, 00:00","Schoolkate, Tristan","Chung, Hyeon",1.89,N/A,1.83
Tennis,"Japan
ITF Tokyo, Women","Tomorrow, 00:00","Inglis, Maddison","Shibahara, Ena",1.83,N/A,1.83
Tennis,"China
ITF Wuning, Women Doubles","Tomorrow, 01:00",Aikawa M / Nakashima M,Jeong B / Okuwaki R,2.62,N/A,1.44
Tennis,"Republic of Korea
ATP Challenger Gwangju, Doubles","Tomorrow, 02:00",Ho R / Romios M,Sakamoto R / Shimabukuro S,1.50,N/A,2.45
Tennis,"Republic of Korea
ATP Challenger Gwangju, Doubles","Tomorrow, 02:00",Ramanathan R / Wang A,Kirkov V / Stevens B,2.25,N/A,1.59
Tennis,"Japan
ITF Tokyo, Women Doubles","Tomorrow, 02:00",Gibson T / Ishii S,Wong H Y C / Zhu L,1.85,N/A,1.85
Tennis,"Japan
ITF Osaka, Men Doubles","Tomorrow, 02:00",Hayashi K / Nishiwaki K,Kusuhara Y / Noguchi M,2.38,N/A,1.53
Tennis,"Kazakhstan
ITF Shymkent, Women","Tomorrow, 02:00","Maklakova, Ekaterina","Steiner, Valentina",1.50,N/A,2.50
Tennis,"Kazakhstan
ITF Shymkent, Women","Tomorrow, 02:00","Gasparovic, Claudia","Nepliy, Elina",3.00,N/A,1.36
Tennis,"Kazakhstan
ITF Shymkent, Women","Tomorrow, 02:00","Perelygina, Ekaterina","Yushchenko, Valeriya",2.62,N/A,1.44
Tennis,"Serbia
ITF Kursumlijska Banja, Women","Tomorrow, 03:00","Lazarevic, Andjela","Giraldi Requena, Ana",1.73,N/A,2.00
Tennis,"Serbia
ITF Kursumlijska Banja, Men","Tomorrow, 03:00","Blanch, Dali","Seghetti, Samuele",1.10,N/A,7.00
Tennis,"Serbia
ITF Kursumlijska Banja, Women","Tomorrow, 03:00","Xu, Shilin","Sebestova, Ivana",1.67,N/A,2.10
Tennis,"Japan
ITF Tokyo, Women Doubles","Tomorrow, 03:00",Guo H / Shibahara E,Aiava D / Inglis M,1.29,N/A,3.50
Tennis,"Kazakhstan
ITF Shymkent, Women","Tomorrow, 03:00","Snigireva, Anna","Van de Peer, Vicky",2.10,N/A,1.67
Tennis,"Kazakhstan
ITF Shymkent, Men","Tomorrow, 03:00","Cerny, Matyas","Braynin, Aleksandr",2.10,N/A,1.67
Tennis,"Kazakhstan
ITF Shymkent, Men","Tomorrow, 03:00","Omarkhanov, Amir","Szajrych, Jasza",1.57,N/A,2.25
Tennis,"Turkiye
ITF Antalya, Women","Tomorrow, 03:30","Naito, Yuki","Serban, Isabella Maria",1.29,N/A,3.50
Tennis,"Turkiye
ITF Antalya, Men","Tomorrow, 03:30","Arnaud Bailly, Gilles","Moeller, Marvin",1.62,N/A,2.20
Tennis,"Turkiye
ITF Antalya, Men","Tomorrow, 03:30","Molcan, Alex","Slump, Stijn",1.29,N/A,3.50
Tennis,"Turkiye
ITF Antalya, Men","Tomorrow, 03:30","Nijboer, Ryan","Sperle, John",1.29,N/A,3.50
Tennis,"Turkiye
ITF Antalya, Men","Tomorrow, 03:30","Petkovic, Mika","Rottgering, Mees",3.50,N/A,1.29
Tennis,"Turkiye
ITF Antalya, Women","Tomorrow, 03:30","van Impe, Amelie","Adkar, Vaishnavi",1.62,N/A,2.20
Tennis,"Serbia
ITF Kursumlijska Banja, Men","Tomorrow, 04:00","Pankin, Semen","Lazarov, George",1.67,N/A,2.10
Tennis,"Serbia
ITF Kursumlijska Banja, Women","Tomorrow, 04:00","Petkovic, Anna","Sarkisova, Karine",1.44,N/A,2.62
Tennis,"Serbia
ITF Kursumlijska Banja, Men","Tomorrow, 04:00","Fita Juan, Sergi","Borg, Leo",5.50,N/A,1.14
Tennis,"Serbia
ITF Kursumlijska Banja, Men","Tomorrow, 04:00","Bastiaansen, Pepijn","Barreto Sanchez, Diego Augusto",2.90,N/A,1.35
Tennis,"Serbia
ITF Kursumlijska Banja, Women","Tomorrow, 04:00","Ebeling Koning, Loes","Pavlou, Dimitra",2.75,N/A,1.40
Tennis,"Egypt
ITF Sharm El Sheikh, Men","Tomorrow, 04:00","Arutiunian, Erik","Bassem Sobhy, Michael",1.44,N/A,2.62
Tennis,"Egypt
ITF Sharm El Sheikh, Men","Tomorrow, 04:00","Purtseladze, Saba","Stewart, Hamish",1.83,N/A,1.83
Tennis,"France
ITF Angers, Men","Tomorrow, 04:00","Chazal, Maxime","Reymond, Arthur",1.53,N/A,2.38
Tennis,"Serbia
ITF Kursumlijska Banja, Men","Tomorrow, 04:30","Ciavarella, Niccolo","Obradovic, Dusan",3.00,N/A,1.36
Tennis,"Turkiye
ITF Antalya, Women","Tomorrow, 04:30","Fajmonova, Sarah Melany","Vogt, Marie",1.67,N/A,2.10
Tennis,"Turkiye
ITF Antalya, Women","Tomorrow, 04:30","Mrazikova, Karolina","Kroitor, Kristina",4.00,N/A,1.22
Tennis,"Tunisia
ITF Monastir, Women","Tomorrow, 04:30","Desai, Zeel","Encheva, Lidia",2.10,N/A,1.67
Baseball,"USA
Triple-A International League","Today, 19:05",Jacksonville Jumbo Shrimp,Gwinnett Stripers,1.59,N/A,2.18
Baseball,"USA
Triple-A International League","Today, 19:37",St. Paul Saints,Indianapolis Indians,1.77,N/A,1.92
Baseball,"USA
Triple-A Pacific Coast League","Today, 20:05",Round Rock Express,Las Vegas Aviators,1.91,N/A,1.77
Baseball,"USA
Triple-A Pacific Coast League","Today, 20:35",El Paso Chihuahuas,Sacramento River Cats,1.77,N/A,1.92
Baseball,"USA
Triple-A Pacific Coast League","Today, 20:35",Salt Lake Bees,Oklahoma City Baseball Club,2.00,N/A,1.70
Baseball,"Mexico
Mexican League","Today, 21:00",Tecolotes de Los Dos Laredos,Caliente de Durango,1.37,N/A,2.78
Baseball,"Mexico
Mexican League","Today, 21:00",Pericos de Puebla,Piratas de Campeche,1.53,N/A,2.30
Baseball,"Mexico
Mexican League","Today, 21:00",Guerreros de Oaxaca,Conspiradores de Queretaro,1.96,N/A,1.74
Baseball,"USA
Triple-A International League","Today, 21:05",Nashville Sounds,Durham Bulls,1.98,N/A,1.71
Baseball,"USA
MLB","Today, 21:29",Los Angeles Angels,Pittsburgh Pirates,1.61,N/A,2.32
Baseball,"Mexico
Mexican League","Today, 21:30",Saraperos de Saltillo,Acereros de Monclova,1.90,N/A,1.78
Baseball,"Mexico
Mexican League","Today, 21:30",Rieleros de Aguascalientes,Dorados de Chihuahua,1.84,N/A,1.84
Baseball,"Mexico
Mexican League","Today, 21:30",Charros de Jalisco,Algodoneros de Union Laguna,2.14,N/A,1.61
Baseball,"Mexico
Mexican League","Today, 21:30",Bravos de Leon,El Aguila de Veracruz,2.16,N/A,1.60
Baseball,"USA
MLB","Today, 21:40",Arizona Diamondbacks,Tampa Bay Rays,1.71,N/A,2.14
Baseball,"USA
MLB","Today, 22:05",Athletics,Texas Rangers,2.16,N/A,1.70
Baseball,"USA
Triple-A Pacific Coast League","Today, 22:05",Tacoma Rainiers,Sugar Land Space Cowboys,1.73,N/A,1.97
Baseball,"Japan
NPB","Tomorrow, 05:00",Hanshin Tigers,Yomiuri Giants,1.63,N/A,2.22
Baseball,"Japan
NPB","Tomorrow, 05:00",Hokkaido Nippon-Ham Fighters,Chiba Lotte Marines,1.64,N/A,2.20
Baseball,"Japan
NPB","Tomorrow, 05:00",Saitama Seibu Lions,Orix Buffaloes,1.79,N/A,1.98
Baseball,"Japan
NPB","Tomorrow, 05:00",Yokohama Dena Baystars,Hiroshima Toyo Carp,1.61,N/A,2.26
Baseball,"Japan
NPB","Tomorrow, 05:00",Tohoku Rakuten Golden Eagles,Fukuoka Hawks,1.92,N/A,1.84
Baseball,"Japan
NPB","Tomorrow, 05:00",Chunichi Dragons,Tokyo Yakult Swallows,1.71,N/A,2.10
Baseball,"Republic of Korea
KBO League","Tomorrow, 05:30",Hanwha Eagles,KT Wiz,2.02,N/A,1.75
Baseball,"Republic of Korea
KBO League","Tomorrow, 05:30",Samsung Lions,NC Dinos,1.72,N/A,2.06
Baseball,"Republic of Korea
KBO League","Tomorrow, 05:30",Kia Tigers,LG Twins,2.08,N/A,1.72
Baseball,"Republic of Korea
KBO League","Tomorrow, 05:30",SSG Landers,Kiwoom Heroes,1.61,N/A,2.26
Baseball,"Republic of Korea
KBO League","Tomorrow, 05:30",Doosan Bears,Lotte Giants,2.08,N/A,1.72
Baseball,"USA
MLB","Tomorrow, 14:20",Chicago Cubs,Philadelphia Phillies,1.75,N/A,2.08
Baseball,"USA
MLB","Tomorrow, 18:40",Detroit Tigers,Baltimore Orioles,1.76,N/A,2.06
Baseball,"USA
MLB","Tomorrow, 18:45",Washington Nationals,New York Mets,2.52,N/A,1.53
Baseball,"USA
MLB","Tomorrow, 19:05",New York Yankees,Toronto Blue Jays,1.70,N/A,2.16
Baseball,"USA
MLB","Tomorrow, 19:10",Cleveland Guardians,Boston Red Sox,1.90,N/A,1.90
Baseball,"USA
MLB","Tomorrow, 19:40",Kansas City Royals,Houston Astros,2.02,N/A,1.80
Baseball,"USA
MLB","Tomorrow, 19:40",Minnesota Twins,Los Angeles Angels,1.48,N/A,2.66
Baseball,"USA
MLB","Tomorrow, 20:15",St. Louis Cardinals,Milwaukee Brewers,1.76,N/A,2.06
Baseball,"USA
MLB","Tomorrow, 20:40",Colorado Rockies,Cincinnati Reds,2.18,N/A,1.68
Baseball,"USA
MLB","Tomorrow, 21:40",Seattle Mariners,Miami Marlins,1.40,N/A,2.98
Baseball,"USA
MLB","Tomorrow, 21:40",Arizona Diamondbacks,Atlanta Braves,2.08,N/A,1.75
Baseball,"USA
MLB","Tomorrow, 22:05",Athletics,Chicago White Sox,1.42,N/A,2.88
Baseball,"USA
MLB","Tomorrow, 22:15",San Francisco Giants,Texas Rangers,1.90,N/A,1.90
Baseball,"USA
MLB","Tomorrow, 20:40",Colorado Rockies,Cincinnati Reds,2.18,N/A,1.68
Baseball,"USA
MLB","Tomorrow, 21:40",Seattle Mariners,Miami Marlins,1.40,N/A,2.98
Baseball,"USA
MLB","Tomorrow, 21:40",Arizona Diamondbacks,Atlanta Braves,2.08,N/A,1.75
Baseball,"USA
MLB","Tomorrow, 22:05",Athletics,Chicago White Sox,1.42,N/A,2.88
Baseball,"USA
MLB","Tomorrow, 22:15",San Francisco Giants,Texas Rangers,1.90,N/A,1.90
Ice Hockey,"USA
ECHL","Today, 20:05",Tulsa Oilers,Kansas City Mavericks,2.91,4.10,2.03
Ice Hockey,"USA
NHL Series Results (Best of 7 games)","Today, 21:00",Vegas Golden Knights,Minnesota Wild,1.45,N/A,2.60
Ice Hockey,"USA
NHL","Today, 21:00",Minnesota Wild,Vegas Golden Knights,3.05,4.10,2.02
Ice Hockey,"USA
NHL Series Results (Best of 7 games)","Today, 21:30",Winnipeg Jets,St. Louis Blues,1.06,N/A,7.50
Ice Hockey,"USA
NHL","Today, 21:30",St. Louis Blues,Winnipeg Jets,2.65,3.90,2.33
Ice Hockey,"USA
AHL","Today, 22:00",Ontario Reign,San Jose Barracuda,2.16,4.17,2.65
Ice Hockey,"USA
AHL","Today, 22:00",Abbotsford Canucks,Tucson Roadrunners,2.26,3.93,2.61
Ice Hockey,"International
Int. Friendly Games","Tomorrow, 10:30",Czechia,Slovakia,1.40,5.20,5.90
Ice Hockey,"Finland
Liiga","Tomorrow, 11:30",KalPa Hockey,SaiPa Lappeenranta,1.93,3.66,3.45
Ice Hockey,"Finland
Liiga","Tomorrow, 11:30",Lukko Rauma,Ilves Tampere,2.46,3.76,2.45
Ice Hockey,"Russia
MHL","Tomorrow, 12:00",SKA-1946 Saint Petersburg,Omskie Yastreby,1.60,4.54,4.24
Ice Hockey,"Czech Republic
Extraliga","Tomorrow, 12:00",HC Pardubice,HC Kometa Brno,1.93,4.09,3.15
Ice Hockey,"Slovakia
Extraliga","Tomorrow, 12:30",HC Kosice,HK Nitra,1.83,4.33,3.40
Ice Hockey,"International
Int. Friendly Games","Tomorrow, 12:30",Latvia,Switzerland,2.88,4.00,2.10
Ice Hockey,"Sweden
Allsvenskan","Tomorrow, 13:00",Djurgardens IF,AIK IF,1.62,4.50,4.33
Ice Hockey,"Denmark
Superisligaen","Tomorrow, 13:30",Herning Blue Fox,Odense Bulldogs,1.83,4.45,3.24
Ice Hockey,"Germany
DEL","Tomorrow, 13:30",Eisbaren Berlin,Kolner Haie,1.50,4.80,4.83
Ice Hockey,"International
Int. Friendly Games","Tomorrow, 13:30",Hungary,Denmark,3.40,4.50,1.80
Ice Hockey,"Germany
DEL 2","Tomorrow, 14:00",Ravensburg Towerstars,Dresdner Eislowen,2.62,4.00,2.25
Ice Hockey,"International
Int. Friendly Games","Tomorrow, 14:00",France,Norway,N/A,N/A,N/A
Ice Hockey,"USA
NHL Series Results (Best of 7 games)","Tomorrow, 19:00",Washington Capitals,Montreal Canadiens,1.08,N/A,6.50
Ice Hockey,"USA
NHL","Tomorrow, 19:00",Montreal Canadiens,Washington Capitals,2.65,4.00,2.28
Ice Hockey,"Canada
OHL","Tomorrow, 19:00",London Knights,Kitchener Rangers,1.44,5.50,5.00
Ice Hockey,"USA
AHL","Tomorrow, 19:05",Lehigh Valley Phantoms,Wilkes-Barre/Scranton Penguins,2.46,4.16,2.31
Ice Hockey,"USA
AHL","Tomorrow, 19:05",Springfield Thunderbirds,Providence Bruins,3.15,4.17,1.91
Ice Hockey,"USA
AHL","Tomorrow, 19:05",Rochester Americans,Syracuse Crunch,2.17,4.36,2.56
Ice Hockey,"USA
NHL Series Results (Best of 7 games)","Tomorrow, 20:00",Carolina Hurricanes,New Jersey Devils,1.07,N/A,7.00
Ice Hockey,"USA
NHL","Tomorrow, 20:00",New Jersey Devils,Carolina Hurricanes,3.15,4.00,2.00
Ice Hockey,"USA
NHL Series Results (Best of 7 games)","Tomorrow, 22:00",Los Angeles Kings,Edmonton Oilers,1.22,N/A,3.80
Ice Hockey,"USA
NHL","Tomorrow, 22:00",Edmonton Oilers,Los Angeles Kings,2.19,4.10,2.75
Ice Hockey,"Australia
Australian Ice Hockey League","In 2 days, 01:30",Central Coast Rhinos,Melbourne Mustangs,4.50,7.00,1.40
Ice Hockey,"Australia
Australian Ice Hockey League","In 2 days, 04:00",Perth Thunder,Melbourne Ice,1.80,5.00,3.20
Ice Hockey,"Russia
MHL","In 2 days, 08:30",JHC Spartak Moskow,Chaika Nizhny Novgorod,1.59,4.45,4.42
Ice Hockey,"USA
NHL Series Results (Best of 7 games)","In 2 days, 21:30",Dallas Stars,Colorado Avalanche,1.48,N/A,2.45
Ice Hockey,"USA
NHL","In 2 days, 21:30",Colorado Avalanche,Dallas Stars,1.89,4.20,3.30
Ice Hockey,"Russia
VHL","Apr 27, 06:00",HK Dinamo St. Petersburg,HK Torpedo Gorkii,1.74,4.24,3.70
Ice Hockey,"Russia
VHL","Apr 28, 11:30",HC Khimik Voskresensk,HC Yugra Khanty-Mansiysk,2.25,3.75,2.71
Ice Hockey,"International
World Championship","May 9, 10:20",Austria,Finland,15.00,10.00,1.11
Ice Hockey,"International
World Championship","May 9, 10:20",Switzerland,Czechia,2.75,4.00,2.20
Ice Hockey,"International
World Championship","May 9, 14:20",Sweden,Slovakia,1.33,5.50,7.00
Ice Hockey,"International
World Championship","May 9, 14:20",Denmark,USA,7.00,6.50,1.30
Ice Hockey,"International
World Championship","May 10, 06:20",Norway,Kazakhstan,1.91,4.33,3.20
Ice Hockey,"International
World Championship","May 10, 06:20",Slovenia,Canada,29.00,19.00,1.02
Ice Hockey,"International
World Championship","May 10, 10:20",Germany,Hungary,1.11,10.00,15.00
Ice Hockey,"International
World Championship","May 10, 10:20",Sweden,Austria,2.10,N/A,1.67
Ice Hockey,"International
World Championship","May 10, 14:20",France,Latvia,4.00,4.50,1.67
Ice Hockey,"International
World Championship","May 10, 14:20",Denmark,Switzerland,5.00,5.00,1.50
Ice Hockey,"Russia
VHL","Apr 28, 11:30",HC Khimik Voskresensk,HC Yugra Khanty-Mansiysk,2.25,3.75,2.71
Ice Hockey,"International
World Championship","May 9, 10:20",Austria,Finland,15.00,10.00,1.11
Ice Hockey,"International
World Championship","May 9, 10:20",Switzerland,Czechia,2.75,4.00,2.20
Ice Hockey,"International
World Championship","May 9, 14:20",Sweden,Slovakia,1.33,5.50,7.00
Ice Hockey,"International
World Championship","May 9, 14:20",Denmark,USA,7.00,6.50,1.30
Ice Hockey,"International
World Championship","May 10, 06:20",Norway,Kazakhstan,1.91,4.33,3.20
Ice Hockey,"International
World Championship","May 10, 06:20",Slovenia,Canada,29.00,19.00,1.02
Ice Hockey,"International
World Championship","May 10, 10:20",Germany,Hungary,1.11,10.00,15.00
Ice Hockey,"International
World Championship","May 10, 10:20",Sweden,Austria,2.10,N/A,1.67
Ice Hockey,"International
World Championship","May 10, 14:20",France,Latvia,4.00,4.50,1.67
Ice Hockey,"International
World Championship","May 10, 14:20",Denmark,Switzerland,5.00,5.00,1.50
